INSERT INTO customer (customer_id, house_id, gift_id, first_name, last_name, gender, phone_number) VALUES (8001, 3071, 6001, 'Levi', 'Young', 'M', '012-3872543');
INSERT INTO customer (customer_id, house_id, first_name, last_name, gender, phone_number) VALUES (8002, 3073, 'Levi', 'Young', 'M', '012-3872543');
INSERT INTO customer (customer_id, house_id, first_name, last_name, gender, phone_number) VALUES (8003, 3074, 'Levi', 'Young', 'M', '012-3872543');
INSERT INTO customer (customer_id, house_id, first_name, last_name, gender, phone_number) VALUES (8004, 3080, 'Levi', 'Young', 'M', '012-3872543');
INSERT INTO customer (customer_id, house_id, gift_id, first_name, last_name, gender, phone_number) VALUES (8005, 3072, 6002, 'Emma', 'Sanchez', 'F', '017-2930451');
INSERT INTO customer (customer_id, house_id, gift_id, first_name, last_name, gender, phone_number) VALUES (8006, 3075, 6003, 'Daniel', 'Hill', 'M', '014-2394622');
INSERT INTO customer (customer_id, house_id, first_name, last_name, gender, phone_number) VALUES (8007, 3076, 'Daniel', 'Hill', 'M', '014-2394622');
INSERT INTO customer (customer_id, house_id, gift_id, first_name, last_name, gender, phone_number) VALUES (8008, 3077, 6004, 'Scarlett', 'Flores', 'F', '019-2735321');
INSERT INTO customer (customer_id, house_id, gift_id, first_name, last_name, gender, phone_number) VALUES (8009, 3078, 6005, 'Logan', 'Smith', 'M', '011-2934212');
INSERT INTO customer (customer_id, house_id, first_name, last_name, gender, phone_number) VALUES (8010, 3079, 'Logan', 'Smith', 'M', '011-2934212');
INSERT INTO customer (customer_id, house_id, gift_id, first_name, last_name, gender, phone_number) VALUES (8011, 3081, 6006, 'Cynthia', 'Vanne', 'F', '013-2337362');
INSERT INTO customer (customer_id, house_id, first_name, last_name, gender, phone_number) VALUES (8012, 3082, 'Cynthia', 'Vanne', 'F', '013-2337362');
INSERT INTO customer (customer_id, house_id, first_name, last_name, gender, phone_number) VALUES (8013, 3083, 'Cynthia', 'Vanne', 'F', '013-2337362');
INSERT INTO customer (customer_id, house_id, gift_id, first_name, last_name, gender, phone_number) VALUES (8014, 3084, 6007, 'Josh', 'Malone', 'M', '017-3736213');
INSERT INTO customer (customer_id, house_id, first_name, last_name, gender, phone_number) VALUES (8015, 3085, 'Josh', 'Malone', 'M', '017-3736213');
INSERT INTO customer (customer_id, house_id, first_name, last_name, gender, phone_number) VALUES (8016, 3086, 'Josh', 'Malone', 'M', '017-3736213');
INSERT INTO customer (customer_id, house_id, gift_id, first_name, last_name, gender, phone_number) VALUES (8017, 3087, 6008, 'Elissa', 'Cruz', 'F', '014-2823661');
INSERT INTO customer (customer_id, house_id, gift_id, first_name, last_name, gender, phone_number) VALUES (8018, 3088, 6009, 'Bruce', 'Hansen', 'M', '019-2936352');
INSERT INTO customer (customer_id, house_id, first_name, last_name, gender, phone_number) VALUES (8019, 3089, 'Bruce', 'Hansen', 'M', '019-2936352');
INSERT INTO customer (customer_id, house_id, gift_id, first_name, last_name, gender, phone_number) VALUES (8020, 3090, 6010, 'Suzanne', 'Hogan', 'F', '012-3836212');

INSERT INTO house VALUES
  (3071, 7021, 'CD', 'Palmville Resort Condominium, 3, Jalan Lagoon Timur (9/1)', 'Bandar Sunway', 'Subang Jaya', 'Selangor', 47500),
  (3072, 7022, 'AP', 'Jalan PJS 11/6', 'Bandar Sunway', 'Petaling Jaya', 'Selangor', 47500),
  (3073, 7023, 'SD', 'One Park USJ', 'Bandar Sunway', 'Subang Jaya', 'Selangor', 40150),
  (3074, 7024, 'BG', 'Lakeview Bungalows, 43A, Saujana Resort', 'Bukit Jelutong', 'Shah Alam', 'Selangor', 40150),
  (3075, 7025, 'SD', 'Persiaran Mimbar', 'Bukit Jelutong', 'Shah Alam', 'Selangor', 40150),
  (3076, 7026, 'AP', 'Pangsapuri Lagoon Perdana, Jalan PJS 9/1', 'Bandar Sunway', 'Petaling Jaya', 'Selangor', 47500),
  (3077, 7027, 'CD', 'G1, Impian Meridian Condominium, Jalan Subang 1', 'USJ 1', 'Subang Jaya', 'Selangor', 47600),
  (3078, 7028, 'AP', 'Jalan PJS 10/11A', 'PJS 10', 'Petaling Jaya', 'Selangor', 46150),
  (3079, 7029, 'SD', '4, Jalan Aman Perdana 3c/Ku5', 'Aman Perdana', 'Klang', 'Selangor', 42200),
  (3080, 7030, 'BG', '2, Persiaran Titiwangsa, Titiwangsa', 'Kuala Lumpur', 'Titwangsa', 'Selangor', 53200),
  (3081, 7031, 'SD', 'Jalan 13/1 Seksyen 13', 'Bandar Sunway', 'Petaling Jaya', 'Selangor', 46200),
  (3082, 7032, 'BG', 'C-05-02, Utropolis Suites, Jalan Kontraktor U1/14, Seksyen U1', 'Bukit Jelutong', 'Shah Alam', 'Selangor', 40150),
  (3083, 7033, 'AP', 'A-21-06, The Arc Persiaran Bestari', 'Cyberjaya', 'Putrajaya', 'Selangor', 63000),
  (3084, 7034, 'CD', 'Sunway Gandaria Residences', 'Hulu Langat', 'Bangi', 'Selangor', 43650),
  (3085, 7035, 'SD', 'Lingkaran Cyber Point Timur, Cyber 12', 'Cyberjaya', 'Putrajaya', 'Selangor', 63000),
  (3086, 7036, 'SD', 'Jalan PJU 8/8A', 'Damansara Perdana', 'Petaling Jaya', 'Selangor', 47820),
  (3087, 7037, 'CD', 'Saville Cheras No.1, Persiaran Sri Raya, Taman Sri Raya', 'Hulu Langat', 'Cheras', 'Selangor', 43200),
  (3088, 7038, 'SD', 'Jalan Teknokrat 7', 'Cyberjaya', 'Putrajaya', 'Selangor', 63000),
  (3089, 7039, 'AP', 'No. 2 Jalan Setia Dagang', 'Setia Alam', 'Shah Alam', 'Selangor', 40170),
  (3090, 7040, 'BG', 'Pusat Perdagangan Icon City, No 1B, Jalan SS8/39, SS8', 'Bandar Sunway', 'Petaling Jaya', 'Selangor', 47300);

INSERT INTO service VALUES
  (7021, 2010, '02/02/2022'),
  (7022, 2020, '06/03/2022'),
  (7023, 2030, '16/03/2022'),
  (7024, 2040, '05/05/2022'),
  (7025, 2050, '16/07/2022'),
  (7026, 2060, '21/08/2022'),
  (7027, 2070, '26/09/2022'),
  (7028, 2080, '23/10/2022'),
  (7029, 2090, '04/11/2022'),
  (7030, 2100, '27/11/2022'),
  (7031, 2110, '03/01/2022'),
  (7032, 2120, '04/01/2022'),
  (7033, 2130, '24/10/2022'),
  (7034, 2140, '17/02/2022'),
  (7035, 2150, '11/07/2022'),
  (7036, 2020, '29/11/2022'),
  (7037, 2040, '24/09/2022'),
  (7038, 2060, '02/09/2022'),
  (7039, 2080, '16/04/2022'),
  (7040, 2100, '08/08/2022');

INSERT INTO employee VALUES
  (2011, 'Jayson', 'Levy', 'M', 'Persiaran Puchong Jaya Selatan Skypod Residence Tower 2 Unit 05-05', 'Puchong', 'Puchong Jaya', 'Selangor', 47100, '012-3883273', 1600, 12, 15),
  (2012, 'Kaine', 'Rivers', 'F', 'Jalan Tasik Prima 6/2', 'Puchong', 'Puchong Jaya', 'Selangor', 47100, '014-2735521', 2000, 12, 15),
  (2013, 'Celeste', 'Jackson', 'F', 'Persiaran Wawasan, Pusat Bandar Puchong Brio Setia Walk (R2-23-09)', 'Puchong', 'Puchong Jaya', 'Selangor', 47100, '011-2736542', 1750, 12, 15),
  (2021, 'Haris', 'Lam', 'M', 'Jalan Layang - Layang 1 Skypod Residence', 'Puchong', 'Puchong Jaya', 'Selangor', 47100, '013-2938451', 2000, 8, 10),
  (2022, 'Sylvie', 'Jefferson', 'F', 'Jalan Puchong Taman, Putra Perdana', 'Puchong', 'Puchong Jaya', 'Selangor', 47130, '018-2836451', 1800, 8, 10),
  (2031, 'Eleri', 'Houston', 'F', 'Jalan Putra Perdana 16', 'Puchong', 'Puchong Jaya', 'Selangor', 47130, '019-2364617', 1900, 16, 20),
  (2032, 'Kyra', 'Klein', 'F', 'Setiawalk Mall Puchong', 'Puchong', 'Puchong Jaya', 'Selangor', 47160, '012-3947561', 1800, 16, 20),
  (2033, 'Todd', 'James', 'M', 'Jalan 13/1 Seksyen 13', 'Bandar Sunway', 'Petaling Jaya', 'Selangor', 46200, '013-1333321', 1700, 12, 20),
  (2034, 'Josie', 'Barron', 'F', 'Jalan PJU 8/8A, Damansara Perdana', 'Bandar Sunway', 'Petaling Jaya', 'Selangor', 47820, '018-2999912', 2100, 16, 20),
  (2041, 'Nadine', 'Dennis', 'F', 'Alia Damansara Hotel, Empire Damansara, Damansara Perdana', 'Bandar Sunway', 'Petaling Jaya', 'Selangor', 47820, '013-2938751', 1900, 16, 25),
  (2042, 'Kezia', 'Fishcer', 'F', 'No. 116 FAS Business Avenue Off, Jalan Perbandaran, SS3', 'Kelana Jaya', 'Petaling Jaya', 'Selangor', 47300, '012-3948571', 1900, 20, 25),
  (2043, 'Margaret', 'Mckinney', 'F', 'No. 2 Jalan Barat', 'Bandar Sunway', 'Petaling Jaya', 'Selangor', 46200, '017-8237361', 1600, 20, 25),
  (2044, 'Spencer', 'Santiago', 'M', '8A Jalan Jelita 1, Taman Jelita', 'Hulu Langat', 'Kajang', 'Selangor', 43000, '011-2393746', 1700, 20, 25),
  (2045, 'Ryan', 'Cook', 'M', 'No. 20, Jalan Puteri 2A/8', 'Bandar Puteri Bangi', 'Kajang', 'Selangor', 43000, '013-2394756', 1850, 20, 25),
  (2051, 'Issac', 'Chavez', 'M', 'Lot 1 & 2, 1st Floor, Jalan Jelok 6, Metro Point', 'Bandar Puteri Bangi', 'Kajang', 'Selangor', 43000, '014-3943757', 2000, 20, 20),
  (2052, 'Jamal', 'Delgado', 'M', 'No. 121, Jalan PJS 11/2, Subang Indah', 'Bandar Sunway', 'Petaling Jaya', 'Selangor', 46150, '012-3948881', 1900, 16, 20),
  (2053, 'Allen', 'Watkins', 'M', 'No. 83, Pusat Perniagaan NBC, 1 1/2 Miles, Jalan Meru', 'Klang', 'Klang', 'Selangor', 41050, '013-2394858', 1700, 16, 20),
  (2054, 'Jim', 'Herrera', 'M', '263, Jalan Meru, Kawasan 19, Klang Selangor', 'Klang', 'Klang', 'Selangor', 41050, '014-3945771', 1700, 16, 20),
  (2061, 'Mabel', 'Waller', 'M', '2, Jalan Batu Unjur 1, Taman Bayu Perdana', 'Klang', 'Klang', 'Selangor', 41200, '012-3575771', 1850, 16, 10),
  (2062, 'Annie', 'Foley', 'F', 'Landmark Residence 1, Jalan Sungai Long', 'Kuala Lumpur', 'Cheras', 'Selangor', 43000, '018-4856141', 2050, 8, 10),
  (2071, 'Ibrahim', 'Fuentes', 'M', 'Jalan Simfoni 2', 'Hulu Langat', 'Cheras', 'Selangor', 43200, '017-4857515', 1700, 12, 15),
  (2072, 'Freya', 'Francis', 'F', '2, Jalal BS 9, Taman Bukit Segar', 'Hulu Langat', 'Cheras', 'Selangor', 43200, '018-5857363', 1650, 12, 15),
  (2073, 'Cameron', 'Ho', 'M', 'No. 1, Jalan Kasturi 3, Plaza Kasturi Cheras', 'Balakong', 'Cheras', 'Selangor', 43200, '011-2394756', 1500, 12, 15),
  (2081, 'Connor', 'Olson', 'M', '11, Jalan C180/1, Dataran C180', 'Cheras Selatan', 'Cheras', 'Selangor', 43200, '013-5958712', 1700, 8, 10),
  (2082, 'Karina', 'Mccall', 'F', 'No. 16, Jalan Sulaiman 1, Taman Putra Sulaiman', 'Gombak', 'Ampang', 'Selangor', 68000, '014-3958571', 1600, 8, 10),
  (2091, 'Ines', 'Riley', 'F', 'No. 8, Jalan Draviden, Bandar Baru Ampang', 'Kuala Lumpur', 'Ampang', 'Selangor', 68000, '012-4957561', 1650, 16, 20),
  (2092, 'Nina', 'Yoder', 'F', 'No. 14, Jalan Mamanda 5, Taman Dato Ahmad Razali', 'Kuala Lumpur', 'Ampang', 'Selangor', 68000, '013-8575122', 1800, 16, 20),
  (2093, 'Andy', 'Armstrong', 'M', 'Jalan PJU 5/18, Dataran Sunway', 'Kota Damansara', 'Petaling Jaya', 'Selangor', 47810, '012-3575751', 1800, 16, 20),
  (2094, 'Tyrese', 'Meyer', 'F', 'B-G-29, Block B, Pelangi Square, Pelangi Damansara, PJU 6, Persiaran Surian', 'Kota Damansara', 'Petaling Jaya', 'Selangor', 47810, '011-2397457', 1700, 16, 20),
  (2101, 'Aliya', 'Ayers', 'F', 'No. 3-1, Jalan PJU 5/20A, The Strand', 'Kota Damansara', 'Petaling Jaya', 'Selangor', 47810, '011-9557562', 1650, 20, 25),
  (2102, 'Mollie', 'Benson', 'F', 'Emporis Kota Damansara, Persiaran Surian Seksyen 3, Taman Sains Selangor', 'Kota Damansara', 'Petaling Jaya', 'Selangor', 47810, '012-3957571', 1900, 20, 25),
  (2103, 'Louisa', 'Carpenter', 'F', 'PT 7259, Ivory One, Jalan Desa Permai', 'Bandar Country Homes', 'Rawang', 'Selangor', 48000, '014-0358575', 1800, 20, 25),
  (2104, 'Deborah', 'Hill', 'F', '39, Jalan Anggerik 5d/1', 'Gombak', 'Rawang', 'Selangor', 48300, '018-3382123', 1850, 20, 25),
  (2105, 'Cohen', 'Trevino', 'M', '91, Jalan Desa 1/7', 'Bandar Country Homes', 'Rawang', 'Selangor', 48000, '019-5957572', 1600, 20, 25);

INSERT INTO supervisor VALUES
  (2010, (2011, 2012), 'Liam', 'Smith', 'M', '012-3726293'),
  (2020, (2021, 2104, 2105), 'Olivia', 'Johnson', 'F', '011-1025632'),
  (2030, (2031, 2032), 'James', 'Jones', 'M', '014-7392071'),
  (2040, (2013, 2033, 2041), 'Benjamin', 'Garcia', 'M', '012-3262623'),
  (2050, (2051, 2052), 'Lucas', 'Davis', 'M', '011-8882634'),
  (2060, (2043, 2045, 2061, 2062), 'Henry', 'Miller', 'M', '018-2936466'),
  (2070, (2071, 2072), 'Theodore', 'Brown', 'M', '018-2735493'),
  (2080, (2022, 2081, 2082), 'Isabella', 'Lee', 'F', '012-3946599'),
  (2090, (2091, 2093), 'Evelyn', 'Moore', 'F', '017-2735223'),
  (2100, (2042, 2101, 2103), 'Sophia', 'Robinson', 'F', '017-2009372'),
  (2110, (2034, 2044), 'Joshua', 'Bright', 'M', '013-4762353'),
  (2120, (2053, 2054), 'Ellie', 'Webster', 'F', '012-3846451'),
  (2130, (2073, 2092), 'Crystal', 'Leach', 'F', '017-2009372'),
  (2140, 2094, 'Alvin', 'Jackson', 'M', '018-3454545'),
  (2150, 2102, 'Oscar', 'Levy', 'M', '019-2826341');

INSERT INTO gift VALUES 
  (6001, 'Smart Phone', 1200),
  (6002, 'TV', 1500),
  (6003, 'Sofa', 600),
  (6004, 'Table', 300),
  (6005, 'Chair', 150),
  (6006, 'Laptop', 1600),
  (6007, 'Tablet', 800),
  (6008, 'T-Shirt', 60),
  (6009, 'Calender', 30),
  (6010, 'Cap', 20);